Workbook

Sheet Model Summary
A1: Automobile Insurance Pricing Analysis — Model Summary
A3: Metric | B3: Value | C3: Unit / Scope | D3: Notes
A4: Total policies | B4: 678013 | C4: Full portfolio | D4: freMTPL2 policy records analyzed
A5: Total exposure | B5: 358360.11 | C5: Policy-years | D5: Exposure capped at 1 for modeling
A6: Predicted total claims | B6: 36055.386 | C6: Full portfolio | D6: Final Poisson model
A7: Predicted claim frequency | B7: =B6/B5 -> 0 | C7: Claims per policy-year | D7: Final Poisson model
A8: Predicted average severity | B8: =B10/B6 -> 0 | C8: EUR per claim | D8: Final Gamma model
A9: Predicted pure premium | B9: =B10/B5 -> 0 | C9: EUR per policy-year | D9: Frequency × severity
A10: Predicted total losses | B10: 69464292 | C10: EUR | D10: Full-portfolio model estimate
A11: Validation test policies | B11: 135603 | C11: Holdout set | D11: 20% matched-data test sample
A12: Validation actual pure premium | B12: ='Validation'!E4+'Validation'!E5+'Validation'!E6+'Validation'!E7+'Validation'!E8+'Validation'!E9+'Validation'!E10+'Validation'!E11+'Validation'!E12+'Validation'!E13/('Validation'!C4+'Validation'!C5+'Validation'!C6+'Validation'!C7+'Validation'!C8+'Validation'!C9+'Validation'!C10+'Validation'!C11+'Validation'!C12+'Validation'!C13) -> 0 | C12: EUR per policy-year | D12: Matched frequency/severity holdout
A13: Validation predicted pure premium | B13: ='Validation'!G4+'Validation'!G5+'Validation'!G6+'Validation'!G7+'Validation'!G8+'Validation'!G9+'Validation'!G10+'Validation'!G11+'Validation'!G12+'Validation'!G13/('Validation'!C4+'Validation'!C5+'Validation'!C6+'Validation'!C7+'Validation'!C8+'Validation'!C9+'Validation'!C10+'Validation'!C11+'Validation'!C12+'Validation'!C13) -> 0 | C13: EUR per policy-year | D13: Matched frequency/severity holdout
A14: Validation loss prediction error | B14: =(SUM('Validation'!G4:G13)-SUM('Validation'!E4:E13))/SUM('Validation'!E4:E13) -> 0 | C14: Percent | D14: Predicted vs actual total loss
A15: Baseline Tweedie deviance | B15: 82.842682 | C15: Holdout validation | D15: Constant pure-premium baseline
A16: Model Tweedie deviance | B16: 81.30939 | C16: Holdout validation | D16: Combined frequency × severity model
A17: Tweedie deviance improvement | B17: =(B15-B16)/B15 -> 0 | C17: Percent | D17: Calculated from baseline and model deviance
A18: Ordered Gini coefficient | B18: 0.24965376 | C18: Holdout validation | D18: Positive discrimination / risk ranking

Sheet Segment Pricing
A1: Model-Based Segment Pricing Relativities
A3: Driver Age Group | B3: Policies | C3: Exposure | D3: Expected Claims | E3: Expected Losses | F3: Predicted Frequency | G3: Predicted Severity | H3: Predicted Pure Premium | I3: Pricing Relativity
A4: 18-24 | B4: 30198 | C4: 12488.891 | D4: 1403.5444 | E4: 3303633.6 | F4: =D4/C4 -> 0 | G4: =E4/D4 -> 0 | H4: =E4/C4 -> 0 | I4: =H4/'Model Summary'!$B$9 -> 0
A5: 25-29 | B5: 58807 | C5: 25775.651 | D5: 2820.0596 | E5: 5673013.8 | F5: =D5/C5 -> 0 | G5: =E5/D5 -> 0 | H5: =E5/C5 -> 0 | I5: =H5/'Model Summary'!$B$9 -> 0
A6: 30-39 | B6: 168564 | C6: 82320.268 | D6: 8296.4067 | E6: 15975629 | F6: =D6/C6 -> 0 | G6: =E6/D6 -> 0 | H6: =E6/C6 -> 0 | I6: =H6/'Model Summary'!$B$9 -> 0
A7: 40-49 | B7: 165702 | C7: 87645.366 | D7: 8799.1434 | E7: 15967086 | F7: =D7/C7 -> 0 | G7: =E7/D7 -> 0 | H7: =E7/C7 -> 0 | I7: =H7/'Model Summary'!$B$9 -> 0
A8: 50-59 | B8: 142600 | C8: 79880.858 | D8: 7882.0836 | E8: 14693640 | F8: =D8/C8 -> 0 | G8: =E8/D8 -> 0 | H8: =E8/C8 -> 0 | I8: =H8/'Model Summary'!$B$9 -> 0
A9: 60-69 | B9: 67812 | C9: 40077.472 | D9: 3926.3249 | E9: 7374387.9 | F9: =D9/C9 -> 0 | G9: =E9/D9 -> 0 | H9: =E9/C9 -> 0 | I9: =H9/'Model Summary'!$B$9 -> 0
A10: 70+ | B10: 44330 | C10: 30171.599 | D10: 2927.8239 | E10: 6476901.9 | F10: =D10/C10 -> 0 | G10: =E10/D10 -> 0 | H10: =E10/C10 -> 0 | I10: =H10/'Model Summary'!$B$9 -> 0
A13: Vehicle Age Group | B13: Policies | C13: Exposure | D13: Expected Claims | E13: Expected Losses | F13: Predicted Frequency | G13: Predicted Severity | H13: Predicted Pure Premium | I13: Pricing Relativity
A14: 0-1 | B14: 129023 | C14: 49437.696 | D14: 5555.2455 | E14: 10955382 | F14: =D14/C14 -> 0 | G14: =E14/D14 -> 0 | H14: =E14/C14 -> 0 | I14: =H14/'Model Summary'!$B$9 -> 0
A15: 2-5 | B15: 191614 | C15: 101721.36 | D15: 10146.183 | E15: 19625658 | F15: =D15/C15 -> 0 | G15: =E15/D15 -> 0 | H15: =E15/C15 -> 0 | I15: =H15/'Model Summary'!$B$9 -> 0
A16: 6-10 | B16: 171594 | C16: 98974.296 | D16: 9876.3945 | E16: 18558423 | F16: =D16/C16 -> 0 | G16: =E16/D16 -> 0 | H16: =E16/C16 -> 0 | I16: =H16/'Model Summary'!$B$9 -> 0
A17: 11-15 | B17: 134063 | C17: 77954.995 | D17: 7550.2708 | E17: 14664081 | F17: =D17/C17 -> 0 | G17: =E17/D17 -> 0 | H17: =E17/C17 -> 0 | I17: =H17/'Model Summary'!$B$9 -> 0
A18: 16-20 | B18: 43397 | C18: 25127.169 | D18: 2432.3986 | E18: 4687911.6 | F18: =D18/C18 -> 0 | G18: =E18/D18 -> 0 | H18: =E18/C18 -> 0 | I18: =H18/'Model Summary'!$B$9 -> 0
A19: 21+ | B19: 8322 | C19: 5144.586 | D19: 494.89421 | E19: 972836.27 | F19: =D19/C19 -> 0 | G19: =E19/D19 -> 0 | H19: =E19/C19 -> 0 | I19: =H19/'Model Summary'!$B$9 -> 0
A22: Bonus-Malus Group | B22: Policies | C22: Exposure | D22: Expected Claims | E22: Expected Losses | F22: Predicted Frequency | G22: Predicted Severity | H22: Predicted Pure Premium | I22: Pricing Relativity
A23: 50 | B23: 384156 | C23: 225152.65 | D23: 21540.296 | E23: 40492500 | F23: =D23/C23 -> 0 | G23: =E23/D23 -> 0 | H23: =E23/C23 -> 0 | I23: =H23/'Model Summary'!$B$9 -> 0
A24: 51-60 | B24: 94446 | C24: 47958.467 | D24: 5025.432 | E24: 9667361.6 | F24: =D24/C24 -> 0 | G24: =E24/D24 -> 0 | H24: =E24/C24 -> 0 | I24: =H24/'Model Summary'!$B$9 -> 0
A25: 61-70 | B25: 56929 | C25: 26484.083 | D25: 2897.1464 | E25: 5357561.1 | F25: =D25/C25 -> 0 | G25: =E25/D25 -> 0 | H25: =E25/C25 -> 0 | I25: =H25/'Model Summary'!$B$9 -> 0
A26: 71-80 | B26: 61826 | C26: 26555.703 | D26: 2904.4461 | E26: 6054360.4 | F26: =D26/C26 -> 0 | G26: =E26/D26 -> 0 | H26: =E26/C26 -> 0 | I26: =H26/'Model Summary'!$B$9 -> 0
A27: 81-100 | B27: 72862 | C27: 28638.472 | D27: 3288.4004 | E27: 7086654.9 | F27: =D27/C27 -> 0 | G27: =E27/D27 -> 0 | H27: =E27/C27 -> 0 | I27: =H27/'Model Summary'!$B$9 -> 0
A28: 101+ | B28: 7794 | C28: 3570.729 | D28: 399.66535 | E28: 805853.95 | F28: =D28/C28 -> 0 | G28: =E28/D28 -> 0 | H28: =E28/C28 -> 0 | I28: =H28/'Model Summary'!$B$9 -> 0
A31: Density Group | B31: Policies | C31: Exposure | D31: Expected Claims | E31: Expected Losses | F31: Predicted Frequency | G31: Predicted Severity | H31: Predicted Pure Premium | I31: Pricing Relativity
A32: Very Low | B32: 137340 | C32: 81391.99 | D32: 7301.4845 | E32: 14811119 | F32: =D32/C32 -> 0 | G32: =E32/D32 -> 0 | H32: =E32/C32 -> 0 | I32: =H32/'Model Summary'!$B$9 -> 0
A33: Low | B33: 134178 | C33: 74079.36 | D33: 7062.5132 | E33: 13081579 | F33: =D33/C33 -> 0 | G33: =E33/D33 -> 0 | H33: =E33/C33 -> 0 | I33: =H33/'Model Summary'!$B$9 -> 0
A34: Medium | B34: 135398 | C34: 72007.452 | D34: 7207.9474 | E34: 13522532 | F34: =D34/C34 -> 0 | G34: =E34/D34 -> 0 | H34: =E34/C34 -> 0 | I34: =H34/'Model Summary'!$B$9 -> 0
A35: High | B35: 137845 | C35: 69456.814 | D35: 7414.1645 | E35: 14543123 | F35: =D35/C35 -> 0 | G35: =E35/D35 -> 0 | H35: =E35/C35 -> 0 | I35: =H35/'Model Summary'!$B$9 -> 0
A36: Very High | B36: 133252 | C36: 61424.491 | D36: 7069.2768 | E36: 13505939 | F36: =D36/C36 -> 0 | G36: =E36/D36 -> 0 | H36: =E36/C36 -> 0 | I36: =H36/'Model Summary'!$B$9 -> 0

Sheet Validation
A1: Holdout Validation by Predicted Risk Decile
A3: Risk Decile | B3: Policies | C3: Exposure | D3: Actual Claims | E3: Actual Losses | F3: Predicted Claims | G3: Predicted Losses | H3: Actual Pure Premium | I3: Predicted Pure Premium | J3: Actual / Expected
A4: 1 | B4: 13561 | C4: 8047.8423 | D4: 381 | E4: 817066.19 | F4: 531.97127 | G4: 878510.67 | H4: =E4/C4 -> 0 | I4: =G4/C4 -> 0 | J4: =E4/G4 -> 0
A5: 2 | B5: 13560 | C5: 8067.4248 | D5: 398 | E5: 555067.19 | F5: 538.07673 | G5: 951867.69 | H5: =E5/C5 -> 0 | I5: =G5/C5 -> 0 | J5: =E5/G5 -> 0
A6: 3 | B6: 13560 | C6: 7877.2697 | D6: 412 | E6: 844654.33 | F6: 536.46756 | G6: 976268.75 | H6: =E6/C6 -> 0 | I6: =G6/C6 -> 0 | J6: =E6/G6 -> 0
A7: 4 | B7: 13560 | C7: 7700.73 | D7: 479 | E7: 700151.53 | F7: 540.0853 | G7: 998347.62 | H7: =E7/C7 -> 0 | I7: =G7/C7 -> 0 | J7: =E7/G7 -> 0
A8: 5 | B8: 13561 | C8: 7561.4756 | D8: 488 | E8: 1039018.1 | F8: 546.16663 | G8: 1025350 | H8: =E8/C8 -> 0 | I8: =G8/C8 -> 0 | J8: =E8/G8 -> 0
A9: 6 | B9: 13561 | C9: 7234.4708 | D9: 513 | E9: 1090641.1 | F9: 535.17156 | G9: 1026558.6 | H9: =E9/C9 -> 0 | I9: =G9/C9 -> 0 | J9: =E9/G9 -> 0
A10: 7 | B10: 13559 | C10: 6847.8925 | D10: 569 | E10: 1270270.7 | F10: 521.60774 | G10: 1020792.4 | H10: =E10/C10 -> 0 | I10: =G10/C10 -> 0 | J10: =E10/G10 -> 0
A11: 8 | B11: 13560 | C11: 6571.8169 | D11: 629 | E11: 1359312.6 | F11: 519.03088 | G11: 1039352.3 | H11: =E11/C11 -> 0 | I11: =G11/C11 -> 0 | J11: =E11/G11 -> 0
A12: 9 | B12: 13560 | C12: 6124.3757 | D12: 692 | E12: 1444877.3 | F12: 504.0283 | G12: 1044116.7 | H12: =E12/C12 -> 0 | I12: =G12/C12 -> 0 | J12: =E12/G12 -> 0
A13: 10 | B13: 13561 | C13: 5562.8947 | D13: 838 | E13: 1893651.1 | F13: 477.24123 | G13: 1090732.2 | H13: =E13/C13 -> 0 | I13: =G13/C13 -> 0 | J13: =E13/G13 -> 0

Sheet Dashboard
A1: Automobile Insurance Pricing Analysis Dashboard
A4: Full Portfolio Model
A5: Policies | D5: Exposure | G5: Predicted Frequency | J5: Predicted Pure Premium
A6: ='Model Summary'!B4 -> 0 | D6: ='Model Summary'!B5 -> 0 | G6: ='Model Summary'!B7 -> 0 | J6: ='Model Summary'!B9 -> 0
A10: Holdout Validation
A11: Actual Pure Premium | D11: Predicted Pure Premium | G11: Loss Prediction Error | J11: Ordered Gini
A12: ='Model Summary'!B12 -> 0 | D12: ='Model Summary'!B13 -> 0 | G12: ='Model Summary'!B14 -> 0 | J12: ='Model Summary'!B18 -> 0
A16: ="Validation note: the combined model improved Tweedie deviance by "&TEXT('Model Summary'!B17,"0.00%")&" versus the baseline and produced a positive ordered Gini of "&TEXT('Model Summary'!B18,"0.0000")&". The model ranked high-risk policies effectively, but underpredicted "&"total holdout losses by "&TEXT(ABS('Model Summary'!B14),"0.00%")&", indicating room for further calibration." -> 0

Sheet Methodology
A1: Project Methodology and Limitations
A3: Section | B3: Details
A4: Business objective | B4: Estimate automobile insurance expected claim cost by separating claim frequency and claim severity, then combining the predictions into policy-level pure premium.
A5: Frequency model | B5: Poisson GLM using policy exposure as observation weight. Rating variables include driver age, vehicle age, bonus-malus, area, brand, fuel type, region, vehicle power, and log population density.
A6: Severity model | B6: Gamma GLM using claim count as observation weight. The model predicts average claim severity for claim-bearing policies.
A7: Pure premium | B7: Predicted Frequency × Predicted Severity. Segment pricing relativities compare modeled pure premium with the overall modeled portfolio pure premium.
A8: Validation | B8: 20% holdout sample on a reconciled frequency/severity dataset. Performance reviewed using total-loss calibration, Tweedie deviance, risk deciles, actual-to-expected ratios, and ordered Gini.
A9: Key validation result | B9: Model Tweedie deviance improved 1.85% over baseline and ordered Gini was 0.2497. Holdout losses were underpredicted by 8.74%, with the largest underprediction concentrated in high-risk deciles.
A10: Limitation | B10: The public frequency and severity source files do not reconcile perfectly. Combined validation therefore uses only claims with corresponding positive observed claim amounts.
A11: Limitation | B11: Claim counts, exposure, and claim amounts were capped for modeling to limit the influence of extreme records. Results are suitable for portfolio demonstration, not production ratemaking.
A12: Source | B12: freMTPL2 motor insurance data via OpenML datasets 41214 and 41215. | C12: https://www.openml.org
A13: Reference | B13: Scikit-learn insurance pricing example using Poisson, Gamma, and Tweedie models. | C13: https://scikit-learn.org/stable/auto_examples/linear_model/plot_tweedie_regression_insurance_claims.html
